RegionID,SizeRank,RegionName,RegionType,StateName,2018-01-31,2018-02-28,2018-03-31,2018-04-30,2018-05-31,2018-06-30,2018-07-31,2018-08-31,2018-09-30,2018-10-31,2018-11-30,2018-12-31,2019-01-31,2019-02-28,2019-03-31,2019-04-30,2019-05-31,2019-06-30,2019-07-31,2019-08-31,2019-09-30,2019-10-31,2019-11-30,2019-12-31,2020-01-31,2020-02-29,2020-03-31,2020-04-30,2020-05-31,2020-06-30,2020-07-31,2020-08-31,2020-09-30,2020-10-31,2020-11-30,2020-12-31,2021-01-31,2021-02-28,2021-03-31,2021-04-30,2021-05-31,2021-06-30,2021-07-31,2021-08-31,2021-09-30,2021-10-31
102001,0,United States,Country,"",271600.0,272967.0,279333.0,288667.0,295633.0,299267.0,299900.0,299600.0,299267.0,298633.0,297267.0,294267.0,291567.0,292933.0,297967.0,306333.0,314300.0,320800.0,322433.0,319800.0,315553.0,312220.0,307220.0,303267.0,299800.0,301467.0,306500.0,313000.0,320633.0,328300.0,335300.0,340300.0,342600.0,343933.0,342633.0,338233.0,333533.0,333850.0,340362.0,353728.0,367045.0,378267.0,381567.0,379933.0,376633.0,375000.0
394913,1,"New York, NY",Msa,NY,517967.0,523000.0,534333.0,544667.0,554666.0,560000.0,560000.0,554833.0,549833.0,549833.0,550000.0,549667.0,549333.0,549333.0,554667.0,563333.0,573300.0,578267.0,578267.0,574633.0,573000.0,574333.0,577667.0,579000.0,577667.0,579333.0,586000.0,594000.0,599000.0,601667.0,611876.0,628543.0,642543.0,649333.0,651667.0,655333.0,661666.0,668000.0,673000.0,675000.0,675000.0,666667.0,658000.0,643200.0,636533.0,631867.0
753899,2,"Los Angeles-Long Beach-Anaheim, CA",Msa,CA,798333.0,802667.0,818000.0,835000.0,848300.0,849633.0,841300.0,824233.0,801233.0,784567.0,771642.0,761608.0,752942.0,749633.0,759667.0,776600.0,801600.0,821933.0,838000.0,846000.0,845667.0,845933.0,845933.0,848933.0,849333.0,865667.0,882667.0,886000.0,881667.0,891333.0,924333.0,955333.0,965667.0,971000.0,976330.0,989330.0,996997.0,998698.0,1005698.0,1006364.0,1006666.0,999666.0,991333.0,971333.0,946667.0,931633.0
394463,3,"Chicago, IL",Msa,IL,301000.0,305967.0,319300.0,335967.0,345967.0,347967.0,343300.0,336500.0,329833.0,324800.0,318300.0,309933.0,303267.0,306600.0,319633.0,336000.0,345667.0,347667.0,344333.0,337967.0,331300.0,324933.0,319405.0,311072.0,306105.0,309967.0,319967.0,327967.0,331333.0,336333.0,343300.0,348300.0,349967.0,349667.0,346000.0,339333.0,331333.0,331667.0,338300.0,346633.0,352967.0,354667.0,354633.0,348267.0,339933.0,332967.0
394514,4,"Dallas-Fort Worth, TX",Msa,TX,341996.0,345330.0,351663.0,359830.0,366163.0,366067.0,359533.0,351197.0,344597.0,341263.0,339600.0,337967.0,335500.0,335800.0,340767.0,348267.0,354933.0,356584.0,354884.0,349884.0,344933.0,341633.0,339997.0,338330.0,335297.0,334630.0,336297.0,339297.0,343133.0,348133.0,354800.0,358267.0,359933.0,359300.0,356726.0,353393.0,350726.0,352141.0,357025.0,365358.0,374884.0,383333.0,390167.0,393500.0,396500.0,397667.0
394974,5,"Philadelphia, PA",Msa,PA,252633.0,249633.0,253667.0,260633.0,269800.0,275800.0,279133.0,278267.0,275933.0,274087.0,271454.0,266421.0,258300.0,254267.0,257967.0,267633.0,279073.0,287707.0,293040.0,293467.0,293500.0,293800.0,293633.0,290300.0,286167.0,286133.0,289467.0,294633.0,301333.0,311333.0,323333.0,333000.0,336300.0,337933.0,334933.0,331600.0,324800.0,321433.0,321433.0,324933.0,329967.0,334000.0,332333.0,328667.0,324633.0,324600.0
394692,6,"Houston, TX",Msa,TX,316452.0,318765.0,322117.0,326872.0,330455.0,331804.0,328678.0,323792.0,317565.0,314178.0,310920.0,309291.0,307826.0,309129.0,312386.0,317272.0,321148.0,322451.0,320790.0,317151.0,312913.0,310109.0,307884.0,305770.0,303395.0,302939.0,305705.0,308219.0,312616.0,317147.0,323103.0,327956.0,332386.0,336056.0,338004.0,336460.0,334330.0,333330.0,338630.0,346200.0,356397.0,364926.0,371009.0,372476.0,370980.0,370660.0
395209,7,"Washington, DC",Msa,DC,431504.0,431174.0,441494.0,452650.0,464650.0,474667.0,479667.0,476333.0,466663.0,461630.0,456597.0,449900.0,443233.0,443267.0,454967.0,471667.0,488065.0,496065.0,495732.0,489300.0,484633.0,483300.0,485000.0,483300.0,481633.0,486600.0,501600.0,513250.0,522950.0,531317.0,544333.0,551300.0,547967.0,539963.0,529997.0,522997.0,516000.0,512667.0,510967.0,516300.0,522800.0,528163.0,526497.0,521663.0,518000.0,517667.0
394856,8,"Miami-Fort Lauderdale, FL",Msa,FL,395000.0,395000.0,396333.0,397833.0,399467.0,399800.0,399933.0,399633.0,399300.0,399000.0,398333.0,397000.0,395667.0,395000.0,396333.0,397667.0,399333.0,399666.0,402666.0,404333.0,404333.0,401667.0,400667.0,402272.0,402272.0,401606.0,401967.0,401633.0,401300.0,399000.0,399333.0,402000.0,405000.0,408000.0,407333.0,405667.0,402633.0,400892.0,401559.0,409926.0,424833.0,441025.0,455692.0,465525.0,474000.0,480931.0
394347,9,"Atlanta, GA",Msa,GA,310067.0,314961.0,323627.0,335327.0,344667.0,349633.0,344933.0,337933.0,329633.0,324933.0,320733.0,317367.0,313733.0,313267.0,316966.0,326666.0,338000.0,344333.0,344633.0,339933.0,334900.0,330267.0,326967.0,324953.0,323587.0,323587.0,325633.0,327167.0,330500.0,336800.0,344633.0,351300.0,354667.0,356333.0,354667.0,351633.0,349933.0,351600.0,359297.0,375663.0,390663.0,401667.0,404336.0,404336.0,402336.0,399967.0
394404,10,"Boston, MA",Msa,MA,541267.0,543600.0,563633.0,583333.0,597667.0,595967.0,579600.0,556600.0,539633.0,536000.0,535967.0,531300.0,528267.0,533300.0,549967.0,571633.0,589633.0,596300.0,594633.0,586633.0,579933.0,574966.0,574967.0,574110.0,574110.0,582110.0,597667.0,605967.0,614600.0,624413.0,641113.0,649463.0,649950.0,656617.0,662967.0,665582.0,665249.0,672216.0,682933.0,691600.0,694933.0,697967.0,692633.0,676000.0,666000.0,664667.0
395057,11,"San Francisco, CA",Msa,CA,807333.0,824000.0,857667.0,899667.0,924667.0,937667.0,921000.0,880333.0,850667.0,842329.0,837996.0,819996.0,799600.0,802933.0,830933.0,867333.0,900667.0,907629.0,904629.0,885963.0,885667.0,889000.0,895629.0,878912.0,862245.0,874249.0,899633.0,916300.0,924667.0,949000.0,982333.0,998333.0,998667.0,998667.0,998667.0,995296.0,990809.0,987809.0,987846.0,992000.0,994000.0,996000.0,980000.0,958000.0,934667.0,924000.0
394532,12,"Detroit, MI",Msa,MI,219933.0,218267.0,224800.0,238467.0,253467.0,263300.0,264633.0,259600.0,251600.0,244633.0,237967.0,231267.0,226567.0,226567.0,233267.0,246600.0,259933.0,269900.0,271392.0,267758.0,258958.0,249133.0,239467.0,231633.0,225833.0,224133.0,228466.0,234299.0,245966.0,261600.0,278233.0,286567.0,283233.0,278100.0,271467.0,264833.0,259967.0,261600.0,270600.0,283633.0,293633.0,299300.0,294633.0,284667.0,268333.0,255000.0
395025,13,"Riverside, CA",Msa,CA,390665.0,393333.0,396667.0,402667.0,406633.0,409967.0,409933.0,406633.0,403300.0,399966.0,399633.0,398633.0,398333.0,398633.0,402967.0,408300.0,415000.0,419967.0,423300.0,423300.0,420000.0,416667.0,415000.0,414817.0,414817.0,418150.0,423000.0,426333.0,428000.0,434667.0,446800.0,461800.0,472133.0,480000.0,485000.0,490000.0,491667.0,493333.0,494996.0,506663.0,520930.0,534267.0,542267.0,546333.0,549666.0,550730.0
394976,14,"Phoenix, AZ",Msa,AZ,339143.0,345091.0,353451.0,358855.0,361744.0,360180.0,356816.0,351701.0,348302.0,346263.0,345940.0,345940.0,347945.0,350664.0,354097.0,358549.0,362933.0,366332.0,366977.0,368029.0,369729.0,371462.0,373832.0,377197.0,383311.0,390084.0,396575.0,392127.0,387063.0,385983.0,396179.0,404675.0,407794.0,407825.0,407655.0,407655.0,408382.0,409276.0,415000.0,424667.0,438000.0,449667.0,459967.0,466633.0,471600.0,474933.0
395078,15,"Seattle, WA",Msa,WA,508316.0,528316.0,559983.0,584967.0,598300.0,599633.0,592650.0,581000.0,567983.0,564650.0,561317.0,561317.0,563317.0,578300.0,601633.0,626633.0,641943.0,643627.0,635293.0,624660.0,617310.0,615626.0,617300.0,621316.0,631316.0,647916.0,663550.0,663233.0,660283.0,659650.0,668300.0,669983.0,663317.0,653000.0,643000.0,639650.0,641650.0,653317.0,666650.0,683300.0,694963.0,701647.0,701630.0,694963.0,691630.0,688323.0
394865,16,"Minneapolis-St Paul, MN",Msa,MN,354454.0,371734.0,387316.0,392961.0,391229.0,383334.0,374677.0,367440.0,359787.0,355978.0,351095.0,351061.0,356567.0,368721.0,384304.0,392961.0,394692.0,387801.0,382468.0,373811.0,368583.0,361795.0,361363.0,361397.0,368357.0,379144.0,389529.0,392992.0,392853.0,392822.0,394519.0,392926.0,386035.0,377409.0,368787.0,368752.0,370826.0,378927.0,386933.0,391900.0,391933.0,387633.0,384000.0,377966.0,372633.0,367967.0
395056,17,"San Diego, CA",Msa,CA,704633.0,721300.0,735967.0,749333.0,749633.0,749633.0,742633.0,725967.0,706267.0,689933.0,681633.0,676666.0,676333.0,681333.0,693000.0,713296.0,732963.0,745963.0,746667.0,746667.0,746667.0,745667.0,742633.0,742633.0,745967.0,755667.0,769333.0,769633.0,769089.0,780722.0,814086.0,837963.0,836297.0,822967.0,809633.0,808000.0,813000.0,830000.0,841666.0,856333.0,856333.0,856000.0,849333.0,847667.0,844633.0,844633.0
395121,18,"St. Louis, MO",Msa,MO,190933.0,191267.0,196567.0,204933.0,213267.0,218267.0,219667.0,219367.0,219067.0,217667.0,214667.0,209967.0,206267.0,207900.0,216100.0,227800.0,237800.0,242967.0,243933.0,242267.0,240567.0,238233.0,234900.0,229933.0,228300.0,231633.0,237633.0,242991.0,249324.0,255457.0,260067.0,259593.0,257760.0,255426.0,252600.0,247300.0,246000.0,249476.0,257809.0,265142.0,265000.0,261667.0,254500.0,248133.0,241767.0,235267.0
395148,19,"Tampa, FL",Msa,FL,260042.0,260042.0,261680.0,264924.0,269773.0,272985.0,272953.0,270223.0,267011.0,263832.0,261712.0,259464.0,258822.0,258822.0,262033.0,267493.0,275233.0,280371.0,281945.0,280660.0,279343.0,279022.0,277417.0,275522.0,272778.0,272775.0,274027.0,273913.0,275490.0,279055.0,286730.0,293186.0,297971.0,303045.0,304619.0,303405.0,300731.0,299565.0,304933.0,314933.0,331600.0,346300.0,359600.0,367967.0,373300.0,378300.0
394358,20,"Baltimore, MD",Msa,MD,303233.0,299900.0,304933.0,313300.0,326633.0,337967.0,345967.0,345967.0,341467.0,335133.0,328500.0,320000.0,313333.0,311667.0,316667.0,327699.0,339366.0,347699.0,350000.0,349967.0,346600.0,341600.0,334633.0,327967.0,322933.0,323233.0,329933.0,339600.0,347967.0,356300.0,363300.0,364967.0,361633.0,355000.0,348300.0,341078.0,334244.0,334244.0,339800.0,346633.0,355167.0,358500.0,361800.0,356600.0,352600.0,342633.0
394530,21,"Denver, CO",Msa,CO,"","","","","","","","",494667.0,487667.0,481000.0,477833.0,481533.0,493167.0,508333.0,519967.0,524833.0,523167.0,518167.0,509967.0,502967.0,497967.0,497967.0,501300.0,512384.0,529051.0,542717.0,545967.0,542667.0,542667.0,548333.0,551667.0,545400.0,533733.0,524223.0,525489.0,532156.0,544667.0,558000.0,576333.0,593300.0,608267.0,616567.0,618600.0,618300.0,619967.0
394982,22,"Pittsburgh, PA",Msa,PA,171567.0,169900.0,173233.0,177267.0,183133.0,184833.0,184167.0,181633.0,179933.0,178267.0,175933.0,172633.0,170933.0,171100.0,175767.0,182433.0,189933.0,195233.0,198567.0,199600.0,198966.0,195633.0,190966.0,184967.0,183300.0,185800.0,192433.0,197433.0,204900.0,214900.0,227767.0,234300.0,234333.0,233133.0,231600.0,230433.0,228713.0,230413.0,234644.0,241364.0,246331.0,246567.0,239600.0,229633.0,222967.0,219633.0
394998,23,"Portland, OR",Msa,OR,459788.0,466197.0,472605.0,478982.0,480584.0,480584.0,477380.0,470939.0,462929.0,456520.0,453316.0,451713.0,453332.0,456536.0,462945.0,467767.0,471004.0,471036.0,469401.0,466181.0,461375.0,457238.0,454049.0,454049.0,456616.0,464627.0,471036.0,471004.0,471004.0,472593.0,482238.0,486724.0,490742.0,493946.0,502246.0,512339.0,520714.0,524315.0,533300.0,549953.0,572953.0,587987.0,592667.0,586333.0,579667.0,572967.0
394458,24,"Charlotte, NC",Msa,NC,337967.0,338000.0,343000.0,349666.0,356300.0,358835.0,355818.0,349848.0,342980.0,336330.0,331318.0,327318.0,325652.0,328333.0,335262.0,343595.0,351895.0,356267.0,356267.0,352300.0,346967.0,344300.0,341633.0,342167.0,343000.0,346333.0,351167.0,352967.0,357600.0,362933.0,374133.0,379540.0,381552.0,378719.0,377012.0,375000.0,375000.0,376921.0,383571.0,395238.0,408313.0,415453.0,415453.0,409088.0,405312.0,406978.0
395045,25,"Sacramento, CA",Msa,CA,462983.0,468663.0,476957.0,485790.0,491793.0,492000.0,486833.0,480167.0,472963.0,466296.0,459629.0,456333.0,458333.0,466333.0,481000.0,492663.0,504630.0,513297.0,521600.0,522967.0,517963.0,509663.0,503328.0,504998.0,511332.0,521000.0,527667.0,528000.0,528000.0,529543.0,539210.0,547877.0,559650.0,568317.0,579650.0,586333.0,594333.0,596333.0,593000.0,601667.0,611667.0,625000.0,625000.0,619967.0,615963.0,614297.0
395055,26,"San Antonio, TX",Msa,TX,279966.0,280000.0,283000.0,288657.0,294990.0,298323.0,297667.0,293500.0,288478.0,283478.0,281456.0,280811.0,280811.0,280633.0,281633.0,284967.0,290000.0,293145.0,293111.0,289778.0,286600.0,283297.0,281297.0,278996.0,278500.0,278833.0,282500.0,286167.0,290167.0,293800.0,297300.0,299933.0,299632.0,297965.0,294495.0,290527.0,288160.0,288993.0,292963.0,298663.0,303996.0,313163.0,328130.0,341800.0,347967.0,346663.0
394943,27,"Orlando, FL",Msa,FL,299900.0,302952.0,309319.0,317686.0,323000.0,325000.0,324967.0,323267.0,319933.0,314933.0,308300.0,303267.0,299933.0,299933.0,303630.0,310330.0,318663.0,323333.0,325000.0,325000.0,325663.0,325663.0,325663.0,325000.0,324983.0,326617.0,328613.0,325877.0,322577.0,320910.0,325330.0,328663.0,330967.0,332600.0,332930.0,331963.0,328663.0,326684.0,328350.0,335017.0,343333.0,355000.0,366333.0,378000.0,384633.0,391600.0
394466,28,"Cincinnati, OH",Msa,OH,218300.0,219967.0,231600.0,248267.0,261600.0,267633.0,265967.0,259300.0,251933.0,245267.0,241633.0,236300.0,232967.0,236633.0,249967.0,266300.0,279467.0,285500.0,287500.0,284000.0,278365.0,271699.0,265332.0,261300.0,261267.0,269600.0,283233.0,295600.0,308967.0,322300.0,333300.0,334633.0,327688.0,319354.0,309687.0,305200.0,304866.0,313167.0,324300.0,337967.0,351333.0,355000.0,350667.0,337333.0,326192.0,317449.0
394475,29,"Cleveland, OH",Msa,OH,161433.0,161567.0,164900.0,171267.0,176267.0,181300.0,183300.0,183300.0,181600.0,179767.0,178133.0,176467.0,174800.0,176433.0,179767.0,184933.0,191300.0,196300.0,199300.0,196267.0,192933.0,188267.0,184933.0,181600.0,179900.0,180233.0,185267.0,191633.0,201300.0,209600.0,218267.0,221300.0,214633.0,206267.0,196567.0,192567.0,190767.0,197466.0,211166.0,226299.0,235967.0,234633.0,227967.0,216600.0,207933.0,197933.0
394735,30,"Kansas City, MO",Msa,MO,254933.0,259967.0,269633.0,274633.0,277333.0,276000.0,275167.0,272467.0,273100.0,280600.0,287267.0,293300.0,296600.0,306633.0,319950.0,331317.0,337950.0,336297.0,329963.0,319963.0,312967.0,308267.0,304967.0,301967.0,306333.0,316597.0,332930.0,342930.0,352667.0,359633.0,364950.0,361617.0,353317.0,344000.0,339000.0,335667.0,336633.0,346967.0,361950.0,377950.0,384250.0,380600.0,367967.0,354650.0,346650.0,346400.0
394775,31,"Las Vegas, NV",Msa,NV,290167.0,291967.0,294967.0,306300.0,324500.0,341500.0,349500.0,347967.0,341300.0,333297.0,324963.0,321597.0,318233.0,314932.0,312298.0,312665.0,316000.0,320332.0,323332.0,324332.0,322633.0,320933.0,319933.0,319967.0,321571.0,325899.0,334232.0,335661.0,333000.0,329633.0,334600.0,341267.0,344633.0,346333.0,347000.0,347000.0,345667.0,345000.0,353333.0,371000.0,396000.0,416000.0,426666.0,435000.0,443333.0,455667.0
394492,32,"Columbus, OH",Msa,OH,254233.0,268518.0,285185.0,302518.0,311600.0,316967.0,315300.0,306967.0,294933.0,283267.0,274867.0,268233.0,264900.0,269967.0,286800.0,306800.0,320133.0,325933.0,325967.0,320300.0,309330.0,295330.0,285963.0,280300.0,282600.0,292267.0,306233.0,316233.0,326567.0,336567.0,344933.0,341600.0,329967.0,321300.0,317967.0,318440.0,317104.0,320437.0,328960.0,339293.0,342627.0,338597.0,332900.0,326267.0,317167.0,308217.0
394705,33,"Indianapolis, IN",Msa,IN,209667.0,214633.0,226600.0,251600.0,272333.0,284000.0,279000.0,269633.0,259633.0,249600.0,239930.0,233147.0,229972.0,234975.0,248425.0,266633.0,281600.0,286633.0,284933.0,279933.0,274933.0,269933.0,264633.0,257967.0,256300.0,261133.0,272800.0,282800.0,291600.0,302092.0,310622.0,315622.0,309797.0,299633.0,287000.0,278633.0,275267.0,277930.0,284930.0,293263.0,297897.0,298932.0,295599.0,294302.0,291633.0,291333.0
395059,34,"San Jose, CA",Msa,CA,1071000.0,1104333.0,1154333.0,1208333.0,1246000.0,1262500.0,1245500.0,1199463.0,1149629.0,1115963.0,1082629.0,1048629.0,1015592.0,1031963.0,1065963.0,1112667.0,1139000.0,1155667.0,1142667.0,1116333.0,1099650.0,1099317.0,1095946.0,1069296.0,1068962.0,1102666.0,1162667.0,1189333.0,1192333.0,1209000.0,1238000.0,1255000.0,1254963.0,1245463.0,1245463.0,1228500.0,1216296.0,1216294.0,1233294.0,1249998.0,1266665.0,1283330.0,1295997.0,1279332.0,1262667.0,1249629.0
394355,35,"Austin, TX",Msa,TX,361110.0,362976.0,367339.0,372041.0,373446.0,373446.0,370333.0,364257.0,358025.0,353351.0,350204.0,345842.0,343055.0,344644.0,351737.0,360766.0,366998.0,364578.0,356467.0,347431.0,341197.0,337829.0,335928.0,332814.0,333066.0,336912.0,347419.0,355038.0,363375.0,373119.0,384508.0,394268.0,401095.0,406891.0,412470.0,414650.0,419983.0,430317.0,448663.0,471663.0,488330.0,501667.0,511667.0,518300.0,524600.0,526583.0
395194,36,"Virginia Beach, VA",Msa,VA,257703.0,257382.0,260247.0,264707.0,270145.0,273684.0,276014.0,276046.0,275756.0,273472.0,271831.0,270061.0,270898.0,273826.0,278813.0,284412.0,287919.0,289496.0,289496.0,289496.0,289206.0,288917.0,288917.0,289206.0,289496.0,289528.0,292745.0,296960.0,303380.0,309043.0,314481.0,317683.0,316875.0,315907.0,312418.0,307813.0,302297.0,299600.0,300467.0,304658.0,307992.0,308825.0,304966.0,301633.0,299967.0,299933.0
394902,37,"Nashville, TN",Msa,TN,381070.0,382462.0,384159.0,386568.0,386568.0,384871.0,381410.0,374927.0,370548.0,367188.0,365491.0,363115.0,361621.0,361655.0,363318.0,366539.0,371291.0,374686.0,374307.0,371218.0,367824.0,366169.0,364167.0,361655.0,358600.0,358905.0,361418.0,364793.0,369748.0,374874.0,381647.0,385177.0,388537.0,388571.0,388232.0,386535.0,386554.0,392277.0,399963.0,412630.0,425405.0,439588.0,451255.0,454150.0,455000.0,456667.0
395005,38,"Providence, RI",Msa,RI,345871.0,347619.0,353038.0,359890.0,365170.0,366883.0,367057.0,367057.0,367057.0,365274.0,361429.0,356220.0,354471.0,357968.0,366358.0,376532.0,383839.0,387650.0,387988.0,387988.0,387674.0,385937.0,382440.0,375763.0,370519.0,373700.0,384188.0,394642.0,401949.0,408941.0,419429.0,424708.0,421247.0,410759.0,400271.0,396425.0,396607.0,407170.0,408000.0,411667.0,411333.0,424633.0,436267.0,441567.0,438233.0,436567.0
394862,39,"Milwaukee, WI",Msa,WI,216267.0,217933.0,226267.0,238100.0,249467.0,256133.0,257967.0,254933.0,249600.0,244267.0,237600.0,232633.0,231267.0,234300.0,237933.0,237967.0,237300.0,237333.0,238967.0,239933.0,236567.0,232100.0,227100.0,222133.0,219933.0,221600.0,231567.0,241567.0,251567.0,256600.0,259967.0,256633.0,249967.0,242467.0,235800.0,230767.0,224900.0,221600.0,222967.0,227967.0,236267.0,236567.0,231567.0,221567.0,216600.0,213300.0
394714,40,"Jacksonville, FL",Msa,FL,300967.0,304933.0,309967.0,314633.0,316333.0,316300.0,312933.0,307933.0,302633.0,298000.0,296167.0,296000.0,296000.0,297500.0,299667.0,304667.0,311667.0,314015.0,310682.0,304012.0,299663.0,299526.0,299196.0,298524.0,298658.0,301988.0,306327.0,307327.0,309330.0,312330.0,317967.0,319300.0,317967.0,314800.0,309863.0,307863.0,308060.0,312163.0,318163.0,327833.0,339000.0,346667.0,350000.0,351667.0,355700.0,360829.0
394849,41,"Memphis, TN",Msa,TN,186584.0,181822.0,180555.0,183438.0,186615.0,193904.0,198974.0,204551.0,206452.0,208005.0,208322.0,205470.0,202333.0,200273.0,203125.0,207878.0,215167.0,220237.0,223406.0,223374.0,222996.0,222964.0,222996.0,223374.0,221822.0,221790.0,224959.0,229712.0,235416.0,240803.0,247141.0,250944.0,247141.0,243972.0,242388.0,242356.0,241216.0,238024.0,239000.0,242633.0,249800.0,252967.0,254633.0,254933.0,258100.0,261467.0
394935,42,"Oklahoma City, OK",Msa,OK,236209.0,238237.0,243041.0,248226.0,252724.0,253415.0,253415.0,250664.0,248945.0,247194.0,247198.0,247165.0,249560.0,254333.0,262918.0,271468.0,278023.0,279431.0,277104.0,272572.0,269447.0,267730.0,267802.0,267802.0,269519.0,273413.0,278735.0,282169.0,286860.0,293918.0,299718.0,301091.0,297329.0,294929.0,292969.0,291218.0,290022.0,292744.0,300245.0,311945.0,316947.0,313333.0,304833.0,298167.0,294800.0,289933.0
394807,43,"Louisville-Jefferson County, KY",Msa,KY,232167.0,240467.0,254100.0,266567.0,274600.0,276633.0,274833.0,271500.0,267833.0,265700.0,261783.0,256783.0,254050.0,256967.0,265800.0,277333.0,286633.0,291100.0,289600.0,284633.0,277967.0,269600.0,259933.0,251967.0,248500.0,253133.0,264574.0,278041.0,290041.0,296567.0,299600.0,296900.0,288567.0,277233.0,263300.0,255000.0,251633.0,257297.0,266797.0,275130.0,282467.0,284633.0,283000.0,278333.0,271300.0,266300.0
394669,44,"Hartford, CT",Msa,CT,268600.0,272633.0,280933.0,286267.0,289900.0,289933.0,289933.0,289633.0,287933.0,286267.0,283233.0,281567.0,279900.0,281900.0,285267.0,291933.0,296600.0,302767.0,302767.0,302467.0,298633.0,296300.0,293267.0,290600.0,288933.0,288967.0,294967.0,302300.0,312300.0,319933.0,329933.0,336567.0,336567.0,333233.0,328267.0,325300.0,325333.0,330300.0,339933.0,349100.0,352433.0,347467.0,338300.0,330000.0,326667.0,324967.0
395022,45,"Richmond, VA",Msa,VA,297688.0,298547.0,306169.0,317856.0,325742.0,329178.0,329488.0,327268.0,322457.0,315619.0,310966.0,309214.0,309179.0,310915.0,319540.0,331601.0,343594.0,348404.0,349092.0,344126.0,337597.0,330038.0,326412.0,326378.0,329110.0,334264.0,341154.0,350105.0,359761.0,369754.0,376953.0,381059.0,380070.0,379578.0,379119.0,381633.0,384855.0,389518.0,392851.0,392660.0,389517.0,382364.0,374351.0,367068.0,364205.0,362838.0
394910,46,"New Orleans, LA",Msa,LA,245967.0,242877.0,243543.0,249877.0,257600.0,262633.0,264267.0,262933.0,260600.0,257600.0,254300.0,251633.0,250000.0,252200.0,257167.0,263800.0,269900.0,272733.0,272733.0,270767.0,269300.0,268667.0,267967.0,266500.0,263832.0,262698.0,264465.0,269467.0,276300.0,282667.0,288633.0,293800.0,297133.0,299167.0,299000.0,299000.0,297667.0,296333.0,296633.0,304933.0,314933.0,324633.0,326333.0,324333.0,321000.0,321000.0
394425,47,"Buffalo, NY",Msa,NY,184153.0,185941.0,193097.0,202042.0,209198.0,212775.0,214564.0,213706.0,211953.0,208375.0,203867.0,198464.0,194922.0,196031.0,199645.0,206765.0,214600.0,221720.0,225334.0,221756.0,218035.0,214099.0,210521.0,207087.0,203831.0,203831.0,207409.0,214564.0,225334.0,236103.0,243259.0,243255.0,239642.0,232520.0,225368.0,218248.0,214948.0,222691.0,234433.0,249233.0,255267.0,255267.0,248600.0,239900.0,233233.0,229100.0
395012,48,"Raleigh, NC",Msa,NC,357933.0,359633.0,366633.0,376633.0,383267.0,383267.0,381267.0,377867.0,374233.0,367567.0,361997.0,357330.0,355330.0,356000.0,362667.0,373333.0,383300.0,386633.0,383600.0,378600.0,375233.0,373233.0,368900.0,363900.0,360567.0,363233.0,369600.0,373437.0,379103.0,384437.0,393933.0,398967.0,402630.0,401997.0,398663.0,396000.0,396000.0,400326.0,406056.0,415052.0,422027.0,425297.0,427904.0,431827.0,435160.0,434913.0
394388,49,"Birmingham, AL",Msa,AL,206683.0,207217.0,215217.0,226800.0,236267.0,239600.0,239900.0,239900.0,238267.0,234633.0,231000.0,229300.0,229600.0,233233.0,239900.0,249900.0,258567.0,265233.0,270267.0,271633.0,272333.0,272033.0,272000.0,269665.0,266598.0,265798.0,267433.0,269100.0,273233.0,278050.0,281917.0,281617.0,276833.0,273965.0,271932.0,273932.0,274633.0,276967.0,278267.0,283267.0,286633.0,288333.0,284967.0,283300.0,283021.0,289103.0
395053,50,"Salt Lake City, UT",Msa,UT,418368.0,423562.0,430900.0,436951.0,444233.0,448283.0,449729.0,447136.0,442138.0,434820.0,429952.0,427489.0,427632.0,431523.0,438984.0,451478.0,462188.0,469185.0,467418.0,462098.0,456886.0,455084.0,455962.0,459567.0,466564.0,478166.0,487055.0,485412.0,481822.0,484365.0,495111.0,500501.0,499742.0,497244.0,502563.0,515057.0,"","","","","","","","","",""
395031,51,"Rochester, NY",Msa,NY,184259.0,191418.0,201655.0,213788.0,222772.0,226853.0,223309.0,216150.0,208992.0,203981.0,199650.0,199650.0,204983.0,216472.0,229035.0,242028.0,249151.0,252337.0,250082.0,244713.0,236123.0,225385.0,217869.0,210746.0,211569.0,220875.0,237197.0,254270.0,263218.0,268336.0,269084.0,268762.0,261603.0,253697.0,246860.0,254019.0,262132.0,276345.0,282567.0,283833.0,274000.0,261667.0,253300.0,246300.0,237933.0,227933.0
394640,52,"Grand Rapids, MI",Msa,MI,261633.0,269967.0,281667.0,291667.0,298300.0,299967.0,298300.0,293633.0,288600.0,285567.0,286900.0,288567.0,289900.0,292933.0,299300.0,307667.0,312967.0,313267.0,311122.0,306122.0,302455.0,296233.0,292900.0,289900.0,292933.0,297933.0,306267.0,313233.0,318233.0,319900.0,321567.0,321600.0,321600.0,316933.0,316767.0,317905.0,323797.0,330597.0,337452.0,344160.0,350160.0,355500.0,359233.0,356600.0,353300.0,349667.0
395167,53,"Tucson, AZ",Msa,AZ,261079.0,264446.0,269479.0,274997.0,279997.0,281330.0,281300.0,280900.0,282900.0,282900.0,281300.0,279467.0,279500.0,282333.0,288167.0,294667.0,298800.0,298133.0,296150.0,293350.0,293317.0,293467.0,293967.0,292300.0,292633.0,294933.0,298300.0,298933.0,300600.0,308933.0,319933.0,329967.0,328300.0,323333.0,320000.0,321667.0,327917.0,336250.0,349604.0,365017.0,376684.0,384997.0,385000.0,381667.0,375000.0,370000.0
753924,54,"Urban Honolulu, HI",Msa,HI,663333.0,661667.0,655000.0,648333.0,651333.0,658180.0,663180.0,668513.0,671667.0,670000.0,665000.0,661667.0,668000.0,670333.0,672000.0,668333.0,669000.0,670000.0,670000.0,668667.0,661000.0,654982.0,649649.0,648782.0,643800.0,639133.0,631667.0,623333.0,611333.0,604667.0,606333.0,606666.0,600000.0,591333.0,591000.0,598700.0,"","","","","","","","","",""
395169,55,"Tulsa, OK",Msa,OK,193465.0,193953.0,198332.0,204275.0,208010.0,208323.0,207349.0,206723.0,206692.0,206383.0,206383.0,206383.0,207025.0,209840.0,215814.0,223024.0,229593.0,232721.0,234254.0,233472.0,234200.0,235763.0,238109.0,239258.0,237694.0,237694.0,240822.0,247109.0,254929.0,264313.0,272415.0,277107.0,277107.0,277850.0,278075.0,277467.0,276447.0,276790.0,291456.0,304343.0,314833.0,305133.0,294967.0,286633.0,286046.0,286709.0
394619,56,"Fresno, CA",Msa,CA,333954.0,330958.0,330924.0,334196.0,339052.0,341498.0,341669.0,339947.0,337502.0,334947.0,332880.0,329471.0,325137.0,323725.0,325447.0,334024.0,344391.0,354724.0,362490.0,363868.0,363524.0,358874.0,354379.0,351262.0,350590.0,353673.0,358822.0,361543.0,366744.0,371996.0,382019.0,388219.0,390678.0,389300.0,389955.0,389166.0,389673.0,387326.0,389833.0,400133.0,414967.0,424967.0,424667.0,419667.0,418000.0,420000.0
395238,57,"Worcester, MA",Msa,MA,278584.0,281737.0,287818.0,297339.0,306924.0,313579.0,315521.0,315202.0,313610.0,310076.0,306892.0,302434.0,300842.0,302752.0,311986.0,324723.0,335836.0,343828.0,344815.0,341631.0,336536.0,333352.0,331792.0,330168.0,329213.0,330805.0,340676.0,351788.0,363889.0,371881.0,378281.0,381783.0,381465.0,382431.0,385349.0,391300.0,"","","","","","","","","",""
394415,58,"Stamford, CT",Msa,CT,675783.0,711295.0,753488.0,776693.0,783374.0,779858.0,767552.0,750323.0,737665.0,737314.0,734114.0,730915.0,727748.0,731264.0,743606.0,757320.0,764387.0,755246.0,737841.0,713229.0,696000.0,690902.0,696176.0,699691.0,703031.0,713580.0,727293.0,734501.0,744697.0,762278.0,781264.0,786855.0,778381.0,767833.0,753452.0,747683.0,744846.0,782075.0,812633.0,829000.0,819300.0,804633.0,781600.0,734967.0,696300.0,679333.0
394312,59,"Albuquerque, NM",Msa,NM,238817.0,240446.0,245042.0,251560.0,257785.0,261043.0,259381.0,254819.0,249279.0,247649.0,247649.0,249197.0,249229.0,252456.0,257419.0,263937.0,267880.0,270983.0,272580.0,273525.0,273362.0,273362.0,273069.0,271765.0,273411.0,279929.0,288077.0,292981.0,299825.0,312861.0,327722.0,336192.0,336839.0,336840.0,336372.0,337213.0,337916.0,339585.0,346959.0,353625.0,363177.0,366870.0,370170.0,369993.0,371633.0,380566.0
394308,60,"Albany, NY",Msa,NY,236892.0,240532.0,244514.0,246064.0,247686.0,249848.0,253812.0,257236.0,257236.0,256407.0,256587.0,256587.0,255686.0,255830.0,259398.0,264443.0,268047.0,269884.0,272011.0,271686.0,268047.0,264443.0,263002.0,263038.0,261236.0,262137.0,267506.0,274714.0,282462.0,291868.0,302679.0,308445.0,"","","",288663.0,"","","","","","","","","",""
394938,61,"Omaha, NE",Msa,NE,278492.0,286367.0,294773.0,304918.0,310210.0,310244.0,306868.0,303492.0,300791.0,294444.0,287965.0,285568.0,288522.0,297026.0,310564.0,323394.0,330112.0,327129.0,323248.0,318201.0,312237.0,302614.0,294494.0,291591.0,293988.0,302800.0,311760.0,318512.0,322732.0,327276.0,331496.0,331665.0,327276.0,324266.0,320685.0,320758.0,320735.0,327894.0,335833.0,343267.0,343300.0,334967.0,323333.0,315000.0,311500.0,313000.0
394908,62,"New Haven, CT",Msa,CT,284220.0,290882.0,301033.0,312893.0,321265.0,326846.0,327159.0,322625.0,317358.0,313730.0,310242.0,305045.0,300998.0,302707.0,309649.0,319102.0,324334.0,324369.0,319102.0,313905.0,308637.0,305149.0,303056.0,301622.0,299878.0,300192.0,305114.0,310347.0,322241.0,332392.0,346378.0,350180.0,348785.0,341775.0,335532.0,326811.0,320189.0,317913.0,323233.0,337933.0,349600.0,356267.0,350600.0,343633.0,337000.0,336300.0
394357,63,"Bakersfield, CA",Msa,CA,249052.0,251971.0,257392.0,263319.0,266526.0,267810.0,267497.0,264578.0,259766.0,254954.0,251393.0,248218.0,246582.0,245363.0,248090.0,254537.0,260953.0,264642.0,265925.0,264963.0,262813.0,258290.0,256013.0,254890.0,256045.0,257678.0,262233.0,264318.0,265925.0,265925.0,269133.0,276831.0,284851.0,292854.0,294737.0,290246.0,284155.0,281359.0,287667.0,296633.0,308300.0,315467.0,321500.0,319833.0,319667.0,319667.0
394753,64,"Knoxville, TN",Msa,TN,264183.0,263217.0,266633.0,276633.0,286600.0,291600.0,289933.0,283267.0,277100.0,272100.0,268767.0,267933.0,265300.0,266167.0,269800.0,279100.0,289900.0,296567.0,301600.0,301600.0,301300.0,296267.0,289600.0,283233.0,279900.0,283233.0,289932.0,298265.0,306884.0,318552.0,331919.0,341667.0,340000.0,331633.0,318267.0,308265.0,304273.0,305973.0,315942.0,339933.0,361567.0,371567.0,361267.0,352633.0,349167.0,345833.0
394653,65,"Greenville, SC",Msa,SC,258574.0,260326.0,264802.0,270886.0,274880.0,278002.0,278288.0,277970.0,272921.0,268143.0,263684.0,261167.0,259606.0,260721.0,266136.0,274100.0,280789.0,281713.0,278209.0,271966.0,268625.0,267319.0,267287.0,265850.0,264289.0,267219.0,271783.0,274969.0,277995.0,283942.0,288811.0,290563.0,288492.0,289175.0,287340.0,283997.0,279330.0,278962.0,285965.0,302632.0,316333.0,331967.0,338933.0,346900.0,348233.0,344886.0
394952,66,"Ventura, CA",Msa,CA,779167.0,780500.0,777500.0,785667.0,779300.0,772633.0,756300.0,746333.0,726664.0,709964.0,696614.0,689950.0,688316.0,691333.0,701000.0,712333.0,725667.0,739300.0,749633.0,761633.0,774667.0,784333.0,784000.0,779333.0,779633.0,792467.0,810800.0,809133.0,804633.0,807967.0,832667.0,856333.0,868000.0,871583.0,864583.0,864250.0,"","","","","","","","","",""
394318,67,"Allentown, PA",Msa,PA,222867.0,222867.0,225900.0,232300.0,237300.0,240267.0,242267.0,240633.0,236300.0,231600.0,228267.0,226600.0,224041.0,225707.0,230707.0,238300.0,244633.0,248000.0,251300.0,251600.0,250767.0,247450.0,245317.0,242783.0,242100.0,244267.0,254267.0,261633.0,268267.0,269967.0,277967.0,284633.0,289300.0,289633.0,289333.0,289633.0,292933.0,304900.0,316597.0,324930.0,326597.0,324933.0,322967.0,319633.0,321300.0,321300.0
394561,68,"El Paso, TX",Msa,TX,179310.0,179505.0,179686.0,180377.0,180891.0,182663.0,184789.0,187111.0,187819.0,188014.0,188192.0,189432.0,192267.0,195262.0,197902.0,199834.0,201801.0,203396.0,203396.0,202652.0,201960.0,201978.0,203413.0,203396.0,203396.0,201978.0,201978.0,201606.0,202494.0,204284.0,207828.0,210466.0,212221.0,212909.0,"","","",228650.0,231983.0,235633.0,241950.0,248267.0,252117.0,252150.0,251817.0,253617.0
394367,69,"Baton Rouge, LA",Msa,LA,230800.0,231600.0,234600.0,239600.0,244600.0,248266.0,248300.0,246500.0,244667.0,243000.0,241500.0,239967.0,239967.0,241568.0,243935.0,248602.0,253333.0,256000.0,254667.0,250967.0,247600.0,245585.0,243918.0,242285.0,240933.0,241600.0,244900.0,247933.0,249833.0,253167.0,257833.0,263652.0,267685.0,271318.0,271933.0,271233.0,269600.0,271267.0,276297.0,285263.0,293627.0,298597.0,299630.0,297967.0,297667.0,297967.0
394521,70,"Dayton, OH",Msa,OH,128267.0,126267.0,129883.0,134850.0,139883.0,144600.0,149633.0,151600.0,149933.0,146567.0,144233.0,142567.0,142555.0,143255.0,148255.0,153267.0,161233.0,167900.0,176233.0,179900.0,178233.0,172263.0,168096.0,165463.0,164133.0,166633.0,177633.0,189267.0,199933.0,204900.0,205567.0,202933.0,199600.0,202933.0,204233.0,204233.0,202600.0,205963.0,207663.0,209297.0,213117.0,219783.0,223150.0,221633.0,216467.0,206466.0
394843,71,"McAllen, TX",Msa,TX,192167.0,190467.0,190433.0,191567.0,193100.0,194800.0,194833.0,195000.0,196000.0,195000.0,193333.0,190633.0,189967.0,192633.0,195833.0,200833.0,204167.0,207335.0,207335.0,204669.0,201633.0,199967.0,199967.0,199967.0,199800.0,199467.0,199333.0,199167.0,202500.0,208100.0,215100.0,218767.0,223000.0,227833.0,231167.0,229833.0,226567.0,226567.0,231533.0,238300.0,244633.0,249667.0,253667.0,257333.0,258967.0,261633.0
394486,72,"Columbia, SC",Msa,SC,201567.0,201600.0,206300.0,214633.0,222933.0,229933.0,231600.0,230800.0,229100.0,227467.0,229967.0,231667.0,236000.0,237167.0,239667.0,243333.0,246833.0,249000.0,245967.0,241300.0,236600.0,233267.0,230433.0,228033.0,228033.0,231382.0,235812.0,240614.0,244766.0,247736.0,250933.0,252933.0,252933.0,249263.0,246730.0,245730.0,247767.0,250875.0,255975.0,262108.0,266533.0,269100.0,272950.0,275950.0,280983.0,284663.0
394648,73,"Greensboro, NC",Msa,NC,195667.0,198167.0,206133.0,218133.0,229600.0,234967.0,241300.0,247967.0,255900.0,257866.0,254533.0,251266.0,250900.0,254233.0,261200.0,269900.0,279900.0,281600.0,279480.0,271196.0,269196.0,266316.0,265090.0,262547.0,260580.0,260090.0,262267.0,262567.0,269233.0,277700.0,288383.0,293417.0,288950.0,281467.0,270300.0,263830.0,262330.0,261330.0,264467.0,267767.0,270430.0,270130.0,271797.0,272633.0,270300.0,260300.0
394304,74,"Akron, OH",Msa,OH,145900.0,143933.0,144633.0,151167.0,159667.0,167967.0,173100.0,172933.0,169300.0,164300.0,159600.0,154900.0,151567.0,151600.0,154967.0,159967.0,166633.0,173267.0,177633.0,177600.0,173467.0,169100.0,163300.0,157433.0,152433.0,152267.0,157267.0,163933.0,171433.0,178133.0,184500.0,187667.0,184333.0,179633.0,170633.0,163933.0,155600.0,154267.0,160468.0,171502.0,178835.0,182633.0,181600.0,181600.0,176633.0,171667.0
753906,75,"North Port-Sarasota-Bradenton, FL",Msa,FL,358167.0,359467.0,360301.0,360134.0,362134.0,364933.0,368567.0,368233.0,363267.0,358967.0,355333.0,354500.0,355167.0,357133.0,362133.0,367467.0,373467.0,377600.0,378267.0,375633.0,371667.0,370633.0,373300.0,375633.0,376000.0,375000.0,375000.0,371333.0,367967.0,367933.0,373267.0,378267.0,379933.0,379900.0,379900.0,382600.0,"","","","","","","","","",""
394798,76,"Little Rock, AR",Msa,AR,169131.0,171594.0,173256.0,175688.0,177874.0,179413.0,179136.0,177566.0,176027.0,176181.0,176211.0,176211.0,175411.0,176027.0,178828.0,182861.0,189942.0,194867.0,198561.0,198561.0,196991.0,195452.0,193143.0,192250.0,191481.0,192250.0,195945.0,199793.0,204410.0,206227.0,207458.0,205919.0,205950.0,206689.0,210083.0,211908.0,213878.0,214425.0,221167.0,226467.0,231433.0,231900.0,233267.0,233267.0,231467.0,229800.0
395134,77,"Stockton, CA",Msa,CA,359063.0,360915.0,359377.0,360946.0,361903.0,368181.0,369751.0,368825.0,365654.0,362202.0,360318.0,358780.0,355955.0,354700.0,357525.0,370080.0,385461.0,398017.0,405864.0,411734.0,413617.0,411978.0,411114.0,412370.0,410871.0,409313.0,409596.0,411149.0,412409.0,418404.0,429092.0,441648.0,447298.0,449181.0,447923.0,450418.0,454652.0,467223.0,473333.0,486633.0,491633.0,516300.0,533000.0,549667.0,549967.0,548967.0
394457,78,"Charleston, SC",Msa,SC,364532.0,367422.0,372011.0,378242.0,382953.0,385688.0,385658.0,381099.0,373804.0,367726.0,364078.0,361827.0,361249.0,364896.0,374139.0,382345.0,387080.0,387688.0,385864.0,379610.0,371981.0,366176.0,364626.0,364352.0,364079.0,365902.0,372282.0,376202.0,383497.0,388667.0,397207.0,402289.0,405936.0,409203.0,411792.0,415327.0,419997.0,430472.0,442468.0,459135.0,476663.0,491333.0,491333.0,476709.0,456376.0,448042.0
395143,79,"Syracuse, NY",Msa,NY,125971.0,127099.0,130401.0,135877.0,138877.0,140252.0,141174.0,142302.0,142330.0,141408.0,140280.0,139950.0,139950.0,141326.0,144380.0,149883.0,155387.0,160367.0,161743.0,160119.0,157643.0,154891.0,153763.0,152662.0,153213.0,155964.0,160064.0,167521.0,174401.0,181280.0,184307.0,185649.0,185676.0,186477.0,184038.0,181538.0,178825.0,184412.0,194967.0,208267.0,218233.0,223267.0,221633.0,209967.0,198267.0,189600.0
394484,80,"Colorado Springs, CO",Msa,CO,476118.0,474316.0,469813.0,466210.0,464372.0,451726.0,435874.0,418976.0,410005.0,406402.0,405322.0,405322.0,411884.0,420855.0,435266.0,443115.0,452122.0,457527.0,468300.0,470101.0,469901.0,464497.0,466298.0,464862.0,463097.0,459696.0,465835.0,474122.0,482963.0,485665.0,489989.0,489966.0,484561.0,473753.0,466822.0,465021.0,"","","","","","","","","",""
395235,81,"Winston-Salem, NC",Msa,NC,209933.0,211633.0,213333.0,216633.0,218267.0,222100.0,231800.0,243167.0,250967.0,250933.0,246567.0,244900.0,244900.0,249567.0,256267.0,264967.0,275123.0,281757.0,284757.0,282967.0,281490.0,280353.0,279017.0,277160.0,275263.0,279567.0,284567.0,286900.0,290533.0,295790.0,304824.0,305650.0,302262.0,295895.0,290078.0,284877.0,281743.0,280100.0,281767.0,283267.0,284967.0,284967.0,283267.0,281667.0,286667.0,296867.0
395224,82,"Wichita, KS",Msa,KS,176600.0,182767.0,191100.0,201100.0,206567.0,208267.0,206450.0,203117.0,200783.0,197963.0,193663.0,190163.0,189833.0,194133.0,202267.0,210600.0,218982.0,223898.0,223565.0,220217.0,216333.0,215000.0,213300.0,208267.0,203050.0,201417.0,209617.0,219767.0,234583.0,248750.0,261317.0,264643.0,"","","",228981.0,228130.0,234763.0,243097.0,247633.0,242333.0,232300.0,222967.0,214967.0,210000.0,211633.0
395115,83,"Springfield, MA",Msa,MA,240887.0,240914.0,245609.0,254938.0,263959.0,268592.0,268592.0,264208.0,257709.0,251490.0,246857.0,241538.0,238055.0,236501.0,242099.0,251832.0,265514.0,274842.0,278542.0,278387.0,276770.0,274313.0,268250.0,262871.0,259761.0,262871.0,271452.0,283890.0,296608.0,308268.0,317876.0,324095.0,323287.0,321121.0,317289.0,310100.0,301800.0,301833.0,316633.0,338300.0,349933.0,351600.0,344900.0,338233.0,329933.0,316633.0
394440,84,"Fort Myers, FL",Msa,FL,248437.0,248464.0,248464.0,249265.0,249238.0,249210.0,248382.0,248134.0,247885.0,247885.0,247885.0,246781.0,245980.0,245980.0,247085.0,247637.0,247637.0,247637.0,247361.0,246256.0,245124.0,245401.0,246753.0,250357.0,253394.0,258916.0,263594.0,264698.0,264726.0,265857.0,269999.0,271801.0,270697.0,270697.0,270827.0,270827.0,"","","","","","","","","",""
394399,85,"Boise City, ID",Msa,ID,326267.0,342933.0,348263.0,354630.0,356630.0,361633.0,360267.0,354963.0,351627.0,348327.0,344997.0,341633.0,341297.0,345960.0,355660.0,369297.0,381300.0,388267.0,388300.0,384933.0,380210.0,374245.0,370611.0,368668.0,372548.0,379215.0,388074.0,393489.0,397122.0,403263.0,413260.0,421623.0,426623.0,431597.0,443567.0,453333.0,461697.0,469730.0,483663.0,505586.0,529250.0,551372.0,560408.0,556744.0,545952.0,539993.0
395160,86,"Toledo, OH",Msa,OH,126933.0,125933.0,130383.0,137050.0,144717.0,148267.0,149900.0,147900.0,145767.0,143467.0,142133.0,140933.0,139900.0,140267.0,147633.0,159333.0,174000.0,181667.0,183300.0,179433.0,172767.0,167633.0,163133.0,161433.0,159867.0,159867.0,161533.0,166600.0,178466.0,190133.0,200100.0,208233.0,208266.0,206466.0,193133.0,184767.0,178233.0,183233.0,187433.0,187433.0,184133.0,181600.0,181600.0,176567.0,169900.0,161600.0
394816,87,"Madison, WI",Msa,WI,293233.0,300233.0,308600.0,315267.0,317967.0,319600.0,319600.0,316567.0,311567.0,304933.0,301600.0,301600.0,306567.0,316567.0,328233.0,334900.0,337933.0,337633.0,336000.0,332967.0,328300.0,326600.0,324933.0,324900.0,326567.0,333233.0,341567.0,348233.0,351567.0,354600.0,354600.0,351300.0,343300.0,341533.0,341500.0,347400.0,352667.0,359333.0,362600.0,364100.0,367433.0,370900.0,372567.0,369233.0,364933.0,363267.0
394766,88,"Lakeland, FL",Msa,FL,230099.0,230478.0,232149.0,235594.0,237317.0,237748.0,237748.0,237713.0,236301.0,234543.0,232476.0,232132.0,232132.0,232476.0,232511.0,233923.0,237059.0,239815.0,241486.0,240970.0,240136.0,238809.0,237913.0,237710.0,237710.0,239467.0,241434.0,242468.0,242370.0,242439.0,244848.0,247483.0,250619.0,252569.0,253736.0,255687.0,257678.0,260280.0,264907.0,274907.0,287597.0,298833.0,304167.0,307533.0,311698.0,318065.0
394931,89,"Ogden, UT",Msa,UT,341743.0,350426.0,364374.0,377626.0,384565.0,387773.0,388436.0,385018.0,380032.0,374208.0,372465.0,373894.0,381148.0,389517.0,398235.0,405558.0,409045.0,405907.0,400292.0,395410.0,389133.0,379020.0,371837.0,371136.0,380377.0,391536.0,400257.0,401478.0,406046.0,416508.0,432235.0,439348.0,442801.0,443926.0,450081.0,457578.0,"","","","","","","","","",""
394528,90,"Daytona Beach, FL",Msa,FL,269600.0,270300.0,271833.0,274833.0,279667.0,284500.0,287833.0,287300.0,284267.0,280600.0,277267.0,275300.0,274600.0,274633.0,276633.0,280833.0,285666.0,288443.0,287577.0,284377.0,280767.0,277863.0,276896.0,277396.0,278333.0,281000.0,283667.0,283967.0,282300.0,281603.0,284803.0,287803.0,290000.0,290284.0,291918.0,291694.0,293410.0,297110.0,303500.0,314467.0,324467.0,336078.0,341612.0,346278.0,348000.0,352967.0
394531,91,"Des Moines, IA",Msa,IA,281600.0,285967.0,292293.0,297293.0,299593.0,299900.0,299900.0,297567.0,294233.0,290900.0,289100.0,287400.0,285767.0,286267.0,288833.0,292167.0,293667.0,293800.0,291163.0,286630.0,280663.0,273300.0,266830.0,261830.0,261830.0,266000.0,271174.0,275174.0,277690.0,281412.0,284079.0,283862.0,281167.0,277000.0,273867.0,272133.0,273633.0,277767.0,283300.0,291378.0,301725.0,311707.0,319628.0,320032.0,317550.0,314217.0
395006,100,"Provo, UT",Msa,UT,389707.0,397680.0,408503.0,413706.0,409865.0,402848.0,399210.0,398379.0,396634.0,393288.0,387485.0,384028.0,383714.0,387737.0,395413.0,400616.0,402703.0,402010.0,403790.0,406405.0,407798.0,405683.0,402443.0,401050.0,402782.0,409516.0,419659.0,424392.0,429629.0,435163.0,451113.0,466467.0,479639.0,485841.0,493527.0,501335.0,511346.0,515076.0,510630.0,512444.0,520778.0,537478.0,546633.0,549967.0,548467.0,545533.0
394549,104,"Durham, NC",Msa,NC,362699.0,367241.0,375112.0,382984.0,386785.0,384029.0,379488.0,371146.0,366332.0,363304.0,363001.0,362699.0,362396.0,367462.0,376818.0,386203.0,390522.0,389917.0,386889.0,380834.0,372387.0,363305.0,358763.0,358733.0,365545.0,376141.0,389796.0,395003.0,397092.0,398606.0,407174.0,417044.0,422493.0,426240.0,426505.0,427067.0,427593.0,431818.0,442273.0,466005.0,485372.0,495967.0,487633.0,480160.0,476526.0,478160.0
394602,159,"Fort Collins, CO",Msa,CO,442736.0,445785.0,448272.0,450000.0,454094.0,458112.0,456446.0,452666.0,445981.0,442648.0,439322.0,436989.0,435322.0,436333.0,439433.0,442087.0,445720.0,447587.0,446567.0,441567.0,436600.0,434967.0,435667.0,435667.0,439490.0,445813.0,456813.0,462957.0,465967.0,469283.0,473983.0,477317.0,473000.0,466667.0,463333.0,463378.0,"","","","","","","","","",""
